ID,level
GM Zhigalko_Sergei,2962
GM BIZOO,2844
GM RealDavidNavara,2823
GM GutovAndrey,2806
IM Babbelbox,2731
CM sutcunuri,2657
FM Kirill_Klyukin,2655
CM zim36,2651
IM ImIsmaelKarim,2649
FM Al_Shima,2646
FM grandmastergauri,2643
IM Kaba2020,2640
FM SpeedMonkey,2640
FM nfds,2639
IM dmitry-lavrik,2638
IM TheBigGreek,2636
FM Dolphin_2010,2634
IM Knights4base,2629
IM littleplotkin,2628
IM EricRosen,2628
IM MassterofMayhem,2627
GM MarkosianDavid,2627
FM Nebula64,2625
NM OjaiJoao,2625
CM d-pawn,2622
NM Horobetz,2620
IM Prihlop,2617
IM kassablanca,2616
NM self_service,2616
CM PchelkinVK,2614
CM juancruzariasTDF,2613
FM mac0504,2612
IM RzayevBahruz,2610
FM Chessmotion,2607
FM Djager97,2606
FM Maxwell_The_Great,2603
IM NodariousBiG,2601
IM Fins,2597
FM Sznureks,2592
FM jomarag,2589
GM rasulovvugar,2589
FM Medarde94,2586
FM Orlov_Oleg,2582
IM kalounardo,2580
FM Zhalmakhanov_R,2573
NM Aborigen100500,2729
GM lojzek18,2701
CM londonkid,2700
CM papasi,2687
FM Welcome_to_Flagistan,2672
GM mikolka1985,2671
NM ydkwia,2668
FM leopslr,2668
IM kc6,2667
FM NaSil,2661
FM lefonghua,2661
FM Saqochess,2660
CM chessentialsBLOG,2659
LM PeshkaCh,2798
IM iakov98,2791
IM Schachtrainer-Schuh,2774
FM ChainsOfFantasia,2735
